{
  "kind": "collectionType",
  "collectionName": "categories",
  "info": {
    "singularName": "category",
    "pluralName": "categories",
    "displayName": "Category",
    "description": ""
  },
  "options": {
    "draftAndPublish": true
  },
  "pluginOptions": {},
  "attributes": {
    "name": {
      "type": "string",
      "required": true,
      "unique": true
    },
    "descripition": {
      "type": "text"
    },
    "products": {
      "type": "relation",
      "relation": "oneToMany",
      "target": "api::product.product",
      "mappedBy": "category"
    }
  }
}
