{
  "kind": "collectionType",
  "collectionName": "reviews",
  "info": {
    "singularName": "review",
    "pluralName": "reviews",
    "displayName": "review",
    "description": ""
  },
  "options": {
    "draftAndPublish": true
  },
  "pluginOptions": {},
  "attributes": {
    "text": {
      "type": "text",
      "required": true
    },
    "productId": {
      "type": "biginteger",
      "required": true
    },
    "email": {
      "type": "email",
      "required": true
    },
    "stars": {
      "type": "biginteger"
    },
    "username": {
      "type": "string",
      "required": true
    }
  }
}
