{
  "kind": "collectionType",
  "collectionName": "baskets",
  "info": {
    "singularName": "basket",
    "pluralName": "baskets",
    "displayName": "basket",
    "description": ""
  },
  "options": {
    "draftAndPublish": true
  },
  "pluginOptions": {},
  "attributes": {
    "name": {
      "type": "string"
    },
    "quantity": {
      "type": "biginteger"
    },
    "imageUrl": {
      "type": "string"
    },
    "color": {
      "type": "string"
    },
    "size": {
      "type": "string"
    },
    "description": {
      "type": "text"
    },
    "categoryId": {
      "type": "biginteger"
    },
    "productId": {
      "type": "biginteger"
    },
    "price": {
      "type": "biginteger"
    },
    "sizes": {
      "type": "json"
    },
    "quantities": {
      "type": "json"
    },
    "userEmail": {
      "type": "email",
      "required": true
    }
  }
}
