{
  "kind": "collectionType",
  "collectionName": "products",
  "info": {
    "singularName": "product",
    "pluralName": "products",
    "displayName": "Product",
    "description": ""
  },
  "options": {
    "draftAndPublish": true
  },
  "pluginOptions": {},
  "attributes": {
    "name": {
      "type": "string",
      "required": true
    },
    "price": {
      "type": "decimal"
    },
    "quantity": {
      "type": "biginteger"
    },
    "description": {
      "type": "text"
    },
    "sizes": {
      "type": "json",
      "required": true
    },
    "colours": {
      "type": "json"
    },
    "images": {
      "type": "media",
      "multiple": true,
      "required": true,
      "allowedTypes": [
        "images"
      ]
    },
    "category": {
      "type": "relation",
      "relation": "manyToOne",
      "target": "api::category.category",
      "inversedBy": "products"
    }
  }
}
